timestamps,open,high,low,close,volume,amount
2026-07-06 09:15:00,57983.9,58352.75,57938.65,58303.2,0,0.0
2026-07-06 09:20:00,58308.95,58315.25,58166.55,58166.55,0,0.0
2026-07-06 09:25:00,58172.25,58178.85,58111.25,58137.4,0,0.0
2026-07-06 09:30:00,58139.6,58226.95,58131.05,58173.5,0,0.0
2026-07-06 09:35:00,58174.2,58214.15,58136.9,58154.3,0,0.0
2026-07-06 09:40:00,58154.3,58190.45,58134.4,58171.6,0,0.0
2026-07-06 09:45:00,58173.35,58312.45,58163.8,58273.2,0,0.0
2026-07-06 09:50:00,58281.25,58326.55,58271.3,58289.15,0,0.0
2026-07-06 09:55:00,58293.9,58305.55,58246.4,58300.55,0,0.0
2026-07-06 10:00:00,58301.25,58328.85,58275.7,58313.8,0,0.0
2026-07-06 10:05:00,58317.7,58355.2,58276.45,58346.05,0,0.0
2026-07-06 10:10:00,58344.05,58376.35,58270.3,58278.05,0,0.0
2026-07-06 10:15:00,58279.2,58317.25,58268.9,58294.45,0,0.0
2026-07-06 10:20:00,58294.3,58334.65,58275.6,58313.6,0,0.0
2026-07-06 10:25:00,58316.0,58374.25,58307.7,58338.1,0,0.0
2026-07-06 10:30:00,58339.85,58359.4,58290.7,58301.75,0,0.0
2026-07-06 10:35:00,58295.2,58305.5,58248.85,58259.25,0,0.0
2026-07-06 10:40:00,58261.2,58294.75,58250.35,58290.05,0,0.0
2026-07-06 10:45:00,58291.5,58343.2,58282.6,58336.25,0,0.0
2026-07-06 10:50:00,58338.35,58355.45,58272.3,58279.95,0,0.0
2026-07-06 10:55:00,58283.1,58323.05,58248.9,58323.05,0,0.0
2026-07-06 11:00:00,58325.55,58334.85,58284.15,58295.15,0,0.0
2026-07-06 11:05:00,58298.75,58329.35,58290.3,58308.2,0,0.0
2026-07-06 11:10:00,58307.45,58322.35,58285.2,58287.9,0,0.0
2026-07-06 11:15:00,58288.85,58290.3,58255.0,58273.95,0,0.0
2026-07-06 11:20:00,58288.55,58376.55,58273.4,58372.1,0,0.0
2026-07-06 11:25:00,58369.75,58388.8,58316.05,58329.6,0,0.0
2026-07-06 11:30:00,58328.7,58332.95,58299.0,58308.75,0,0.0
2026-07-06 11:35:00,58309.75,58314.55,58258.2,58258.2,0,0.0
2026-07-06 11:40:00,58257.2,58266.5,58219.4,58221.9,0,0.0
2026-07-06 11:45:00,58222.15,58256.9,58213.55,58241.6,0,0.0
2026-07-06 11:50:00,58238.85,58249.0,58215.6,58228.15,0,0.0
2026-07-06 11:55:00,58228.55,58283.6,58226.2,58282.4,0,0.0
2026-07-06 12:00:00,58284.45,58302.35,58265.45,58297.35,0,0.0
2026-07-06 12:05:00,58294.3,58361.15,58289.2,58358.8,0,0.0
2026-07-06 12:10:00,58348.8,58472.65,58340.65,58453.55,0,0.0
2026-07-06 12:15:00,58451.9,58473.35,58423.8,58443.7,0,0.0
2026-07-06 12:20:00,58438.9,58457.5,58421.6,58429.65,0,0.0
2026-07-06 12:25:00,58430.05,58447.6,58419.4,58430.2,0,0.0
2026-07-06 12:30:00,58428.35,58477.3,58418.35,58453.65,0,0.0
2026-07-06 12:35:00,58457.65,58462.65,58413.35,58417.0,0,0.0
2026-07-06 12:40:00,58416.7,58436.75,58383.3,58417.15,0,0.0
2026-07-06 12:45:00,58417.75,58418.25,58355.85,58375.4,0,0.0
2026-07-06 12:50:00,58383.65,58397.35,58339.6,58346.0,0,0.0
2026-07-06 12:55:00,58347.7,58415.2,58339.25,58412.9,0,0.0
2026-07-06 13:00:00,58411.15,58424.3,58372.7,58418.35,0,0.0
2026-07-06 13:05:00,58419.9,58456.95,58413.8,58456.95,0,0.0
2026-07-06 13:10:00,58443.6,58463.1,58432.0,58450.35,0,0.0
2026-07-06 13:15:00,58450.6,58458.2,58408.0,58411.5,0,0.0
2026-07-06 13:20:00,58416.05,58424.1,58395.3,58411.8,0,0.0
2026-07-06 13:25:00,58410.15,58419.7,58381.1,58416.7,0,0.0
2026-07-06 13:30:00,58408.05,58430.15,58397.35,58414.9,0,0.0
2026-07-06 13:35:00,58416.15,58454.15,58407.2,58429.25,0,0.0
2026-07-06 13:40:00,58432.7,58448.25,58387.9,58389.9,0,0.0
2026-07-06 13:45:00,58391.9,58411.95,58377.7,58389.9,0,0.0
2026-07-06 13:50:00,58392.8,58412.95,58367.85,58380.95,0,0.0
2026-07-06 13:55:00,58378.75,58382.5,58350.25,58361.7,0,0.0
2026-07-06 14:00:00,58362.05,58394.35,58350.9,58391.25,0,0.0
2026-07-06 14:05:00,58393.4,58404.5,58319.65,58337.2,0,0.0
2026-07-06 14:10:00,58337.25,58370.05,58321.05,58327.45,0,0.0
2026-07-06 14:15:00,58326.15,58353.5,58324.6,58339.9,0,0.0
2026-07-06 14:20:00,58342.2,58352.05,58324.85,58338.95,0,0.0
2026-07-06 14:25:00,58338.95,58355.95,58301.85,58311.7,0,0.0
2026-07-06 14:30:00,58314.8,58337.65,58304.4,58320.65,0,0.0
2026-07-06 14:35:00,58320.85,58346.4,58314.95,58334.5,0,0.0
2026-07-06 14:40:00,58334.5,58338.05,58285.2,58295.0,0,0.0
2026-07-06 14:45:00,58295.85,58305.8,58244.85,58249.55,0,0.0
2026-07-06 14:50:00,58249.45,58307.85,58246.6,58304.1,0,0.0
2026-07-06 14:55:00,58303.95,58309.85,58267.8,58281.3,0,0.0
2026-07-06 15:00:00,58279.5,58321.2,58275.35,58288.25,0,0.0
2026-07-06 15:05:00,58287.9,58335.75,58285.05,58318.75,0,0.0
2026-07-06 15:10:00,58316.45,58321.8,58293.5,58309.45,0,0.0
2026-07-06 15:15:00,58309.85,58312.15,58280.25,58289.85,0,0.0
2026-07-06 15:20:00,58292.65,58303.95,58270.9,58285.3,0,0.0
2026-07-06 15:25:00,58284.3,58301.05,58234.15,58263.0,0,0.0
2026-07-07 09:15:00,58567.85,58581.1,58320.75,58446.5,0,0.0
2026-07-07 09:20:00,58446.15,58514.6,58407.85,58492.0,0,0.0
2026-07-07 09:25:00,58493.35,58519.0,58451.2,58497.7,0,0.0
2026-07-07 09:30:00,58497.4,58505.9,58373.0,58377.2,0,0.0
2026-07-07 09:35:00,58376.65,58482.05,58361.6,58364.3,0,0.0
2026-07-07 09:40:00,58366.45,58426.65,58366.1,58408.2,0,0.0
2026-07-07 09:45:00,58407.55,58436.1,58377.45,58419.65,0,0.0
2026-07-07 09:50:00,58422.45,58457.0,58389.9,58395.95,0,0.0
2026-07-07 09:55:00,58397.45,58429.1,58393.8,58425.4,0,0.0
2026-07-07 10:00:00,58425.7,58441.05,58402.25,58424.4,0,0.0
2026-07-07 10:05:00,58423.7,58437.45,58392.05,58415.1,0,0.0
2026-07-07 10:10:00,58412.2,58425.3,58397.2,58410.1,0,0.0
2026-07-07 10:15:00,58410.4,58464.9,58400.45,58455.55,0,0.0
2026-07-07 10:20:00,58461.5,58461.5,58390.65,58406.05,0,0.0
2026-07-07 10:25:00,58405.65,58413.7,58363.65,58393.25,0,0.0
2026-07-07 10:30:00,58393.4,58422.0,58392.5,58398.9,0,0.0
2026-07-07 10:35:00,58400.1,58438.75,58387.75,58416.1,0,0.0
2026-07-07 10:40:00,58417.3,58438.9,58381.65,58388.35,0,0.0
2026-07-07 10:45:00,58389.2,58431.1,58367.0,58430.9,0,0.0
2026-07-07 10:50:00,58430.3,58430.3,58376.1,58388.75,0,0.0
2026-07-07 10:55:00,58380.5,58392.35,58348.9,58375.95,0,0.0
2026-07-07 11:00:00,58376.75,58403.3,58365.25,58390.3,0,0.0
2026-07-07 11:05:00,58392.7,58430.8,58384.1,58427.5,0,0.0
2026-07-07 11:10:00,58427.6,58450.1,58415.2,58430.35,0,0.0
2026-07-07 11:15:00,58431.95,58431.95,58381.1,58395.4,0,0.0
2026-07-07 11:20:00,58397.45,58435.2,58389.9,58401.55,0,0.0
2026-07-07 11:25:00,58399.6,58447.8,58399.6,58427.55,0,0.0
2026-07-07 11:30:00,58428.55,58454.45,58421.05,58430.6,0,0.0
2026-07-07 11:35:00,58431.0,58454.95,58410.15,58436.2,0,0.0
2026-07-07 11:40:00,58438.4,58453.9,58425.35,58449.75,0,0.0
2026-07-07 11:45:00,58449.75,58462.2,58418.55,58432.1,0,0.0
2026-07-07 11:50:00,58429.35,58468.85,58427.4,58466.25,0,0.0
2026-07-07 11:55:00,58466.0,58486.6,58452.55,58467.05,0,0.0
2026-07-07 12:00:00,58467.65,58480.8,58447.0,58451.95,0,0.0
2026-07-07 12:05:00,58450.0,58475.9,58446.1,58459.8,0,0.0
2026-07-07 12:10:00,58459.7,58468.35,58393.2,58407.8,0,0.0
2026-07-07 12:15:00,58407.8,58423.6,58355.35,58361.65,0,0.0
2026-07-07 12:20:00,58364.55,58413.85,58364.55,58396.25,0,0.0
2026-07-07 12:25:00,58396.6,58425.05,58387.5,58401.4,0,0.0
2026-07-07 12:30:00,58401.4,58407.2,58315.35,58338.65,0,0.0
2026-07-07 12:35:00,58339.25,58340.6,58289.8,58319.9,0,0.0
2026-07-07 12:40:00,58320.85,58341.75,58307.45,58325.3,0,0.0
2026-07-07 12:45:00,58325.3,58343.7,58292.9,58335.7,0,0.0
2026-07-07 12:50:00,58336.6,58361.65,58317.6,58319.3,0,0.0
2026-07-07 12:55:00,58318.7,58339.6,58282.15,58331.75,0,0.0
2026-07-07 13:00:00,58330.2,58333.85,58297.7,58326.0,0,0.0
2026-07-07 13:05:00,58327.25,58331.05,58270.45,58283.65,0,0.0
2026-07-07 13:10:00,58284.8,58297.35,58214.6,58244.95,0,0.0
2026-07-07 13:15:00,58247.7,58258.25,58213.15,58236.45,0,0.0
2026-07-07 13:20:00,58236.45,58263.9,58228.05,58244.75,0,0.0
2026-07-07 13:25:00,58245.35,58289.5,58240.75,58284.2,0,0.0
2026-07-07 13:30:00,58284.2,58291.55,58243.9,58260.65,0,0.0
2026-07-07 13:35:00,58262.25,58269.65,58227.3,58256.4,0,0.0
2026-07-07 13:40:00,58255.55,58312.95,58249.5,58287.2,0,0.0
2026-07-07 13:45:00,58288.75,58324.55,58263.0,58264.1,0,0.0
2026-07-07 13:50:00,58263.6,58275.7,58232.3,58232.3,0,0.0
2026-07-07 13:55:00,58232.85,58278.45,58225.25,58268.25,0,0.0
2026-07-07 14:00:00,58270.15,58295.95,58241.3,58283.5,0,0.0
2026-07-07 14:05:00,58285.6,58313.4,58276.4,58308.4,0,0.0
2026-07-07 14:10:00,58311.65,58326.6,58288.6,58298.8,0,0.0
2026-07-07 14:15:00,58298.65,58312.7,58277.4,58296.9,0,0.0
2026-07-07 14:20:00,58299.0,58309.45,58280.3,58283.4,0,0.0
2026-07-07 14:25:00,58286.1,58318.9,58274.15,58315.55,0,0.0
2026-07-07 14:30:00,58315.25,58326.35,58304.8,58320.05,0,0.0
2026-07-07 14:35:00,58322.1,58364.55,58322.1,58344.8,0,0.0
2026-07-07 14:40:00,58344.35,58349.9,58314.05,58331.25,0,0.0
2026-07-07 14:45:00,58331.85,58348.4,58309.65,58327.4,0,0.0
2026-07-07 14:50:00,58324.9,58352.7,58321.25,58340.7,0,0.0
2026-07-07 14:55:00,58339.85,58374.3,58315.55,58319.4,0,0.0
2026-07-07 15:00:00,58320.15,58328.7,58202.15,58227.9,0,0.0
2026-07-07 15:05:00,58231.2,58275.4,58210.85,58232.9,0,0.0
2026-07-07 15:10:00,58230.3,58232.6,58180.95,58202.8,0,0.0
2026-07-07 15:15:00,58199.3,58214.25,58174.05,58190.25,0,0.0
2026-07-07 15:20:00,58187.5,58190.5,58146.3,58158.4,0,0.0
2026-07-07 15:25:00,58159.85,58166.4,58110.1,58134.5,0,0.0
2026-07-08 09:15:00,57918.25,58007.25,57797.4,57938.9,0,0.0
2026-07-08 09:20:00,57937.95,57960.7,57835.55,57837.95,0,0.0
2026-07-08 09:25:00,57844.9,57860.0,57816.15,57851.15,0,0.0
2026-07-08 09:30:00,57853.5,57853.5,57706.75,57741.35,0,0.0
2026-07-08 09:35:00,57744.0,57776.95,57730.15,57756.0,0,0.0
2026-07-08 09:40:00,57757.6,57829.15,57740.2,57829.15,0,0.0
2026-07-08 09:45:00,57824.25,57865.6,57802.8,57865.6,0,0.0
2026-07-08 09:50:00,57867.15,57958.45,57859.85,57891.55,0,0.0
2026-07-08 09:55:00,57897.0,57944.25,57845.45,57858.7,0,0.0
2026-07-08 10:00:00,57854.35,57867.95,57829.25,57845.35,0,0.0
2026-07-08 10:05:00,57841.95,57926.15,57836.45,57923.3,0,0.0
2026-07-08 10:10:00,57920.65,57977.35,57908.25,57928.15,0,0.0
2026-07-08 10:15:00,57925.05,57974.5,57909.1,57965.85,0,0.0
2026-07-08 10:20:00,57961.3,57968.5,57868.3,57874.9,0,0.0
2026-07-08 10:25:00,57875.05,57938.95,57855.7,57926.85,0,0.0
2026-07-08 10:30:00,57926.4,57984.85,57925.85,57963.85,0,0.0
2026-07-08 10:35:00,57968.25,58064.0,57955.9,58053.35,0,0.0
2026-07-08 10:40:00,58056.15,58075.6,58013.9,58014.45,0,0.0
2026-07-08 10:45:00,58017.8,58041.15,57984.9,58002.95,0,0.0
2026-07-08 10:50:00,58001.8,58012.95,57955.9,57962.15,0,0.0
2026-07-08 10:55:00,57959.5,57980.65,57935.15,57979.95,0,0.0
2026-07-08 11:00:00,57981.3,57994.8,57962.85,57980.9,0,0.0
2026-07-08 11:05:00,57983.15,57989.0,57947.2,57965.75,0,0.0
2026-07-08 11:10:00,57969.4,57997.7,57941.85,57990.1,0,0.0
2026-07-08 11:15:00,57989.15,57993.15,57907.05,57921.55,0,0.0
2026-07-08 11:20:00,57923.4,57961.4,57913.8,57959.95,0,0.0
2026-07-08 11:25:00,57963.25,58003.8,57951.55,57965.45,0,0.0
2026-07-08 11:30:00,57969.75,57973.85,57925.5,57944.85,0,0.0
2026-07-08 11:35:00,57947.55,57947.55,57914.45,57927.05,0,0.0
2026-07-08 11:40:00,57927.55,57937.1,57866.55,57879.9,0,0.0
2026-07-08 11:45:00,57881.8,57897.45,57843.55,57846.65,0,0.0
2026-07-08 11:50:00,57849.0,57879.8,57831.9,57862.65,0,0.0
2026-07-08 11:55:00,57866.65,57881.5,57804.95,57837.2,0,0.0
2026-07-08 12:00:00,57841.15,57856.5,57814.75,57831.75,0,0.0
2026-07-08 12:05:00,57832.9,57842.15,57804.05,57808.45,0,0.0
2026-07-08 12:10:00,57810.3,57835.75,57788.55,57792.2,0,0.0
2026-07-08 12:15:00,57796.1,57842.65,57751.2,57818.25,0,0.0
2026-07-08 12:20:00,57823.4,57837.5,57786.55,57792.15,0,0.0
2026-07-08 12:25:00,57796.85,57805.9,57760.65,57771.15,0,0.0
2026-07-08 12:30:00,57771.45,57775.3,57726.9,57749.3,0,0.0
2026-07-08 12:35:00,57748.6,57778.45,57733.45,57744.85,0,0.0
2026-07-08 12:40:00,57748.45,57769.65,57722.35,57765.45,0,0.0
2026-07-08 12:45:00,57768.8,57786.65,57746.5,57761.95,0,0.0
2026-07-08 12:50:00,57761.6,57823.95,57759.6,57812.55,0,0.0
2026-07-08 12:55:00,57813.55,57834.6,57800.9,57815.1,0,0.0
2026-07-08 13:00:00,57816.25,57883.7,57810.8,57866.7,0,0.0
2026-07-08 13:05:00,57869.1,57899.0,57850.95,57856.2,0,0.0
2026-07-08 13:10:00,57857.1,57861.45,57837.7,57842.95,0,0.0
2026-07-08 13:15:00,57845.05,57870.05,57815.8,57866.15,0,0.0
2026-07-08 13:20:00,57865.25,57874.65,57839.0,57860.0,0,0.0
2026-07-08 13:25:00,57864.05,57864.05,57829.3,57837.55,0,0.0
2026-07-08 13:30:00,57839.75,57850.9,57814.25,57829.75,0,0.0
2026-07-08 13:35:00,57833.25,57856.15,57811.65,57842.75,0,0.0
2026-07-08 13:40:00,57845.3,57852.4,57803.3,57820.25,0,0.0
2026-07-08 13:45:00,57820.95,57851.05,57567.75,57604.4,0,0.0
2026-07-08 13:50:00,57606.85,57613.0,57393.55,57405.7,0,0.0
2026-07-08 13:55:00,57405.8,57420.5,57197.7,57197.7,0,0.0
2026-07-08 14:00:00,57206.45,57255.5,57072.2,57097.35,0,0.0
2026-07-08 14:05:00,57095.05,57107.45,56925.3,56944.35,0,0.0
2026-07-08 14:10:00,56947.7,56983.35,56811.55,56852.65,0,0.0
2026-07-08 14:15:00,56854.15,57005.55,56816.0,56859.65,0,0.0
2026-07-08 14:20:00,56861.5,56927.25,56797.45,56848.85,0,0.0
2026-07-08 14:25:00,56849.95,56884.65,56721.0,56721.0,0,0.0
2026-07-08 14:30:00,56736.3,56856.25,56708.35,56755.75,0,0.0
2026-07-08 14:35:00,56757.85,56810.2,56703.45,56753.8,0,0.0
2026-07-08 14:40:00,56753.25,56761.3,56685.05,56710.4,0,0.0
2026-07-08 14:45:00,56715.35,56715.35,56607.7,56632.95,0,0.0
2026-07-08 14:50:00,56634.15,56670.45,56549.4,56595.2,0,0.0
2026-07-08 14:55:00,56596.6,56679.4,56582.4,56631.75,0,0.0
2026-07-08 15:00:00,56632.9,56749.15,56632.9,56666.9,0,0.0
2026-07-08 15:05:00,56669.2,56728.75,56622.45,56714.55,0,0.0
2026-07-08 15:10:00,56715.45,56758.0,56682.5,56722.6,0,0.0
2026-07-08 15:15:00,56720.95,56815.7,56718.65,56794.95,0,0.0
2026-07-08 15:20:00,56792.6,56857.25,56789.15,56806.55,0,0.0
2026-07-08 15:25:00,56803.7,56832.9,56760.6,56826.8,0,0.0
2026-07-09 09:15:00,56871.0,57240.0,56867.3,57212.75,0,0.0
2026-07-09 09:20:00,57215.75,57239.55,57104.3,57239.5,0,0.0
2026-07-09 09:25:00,57238.85,57246.5,57143.6,57143.6,0,0.0
2026-07-09 09:30:00,57146.4,57197.7,57094.55,57194.2,0,0.0
2026-07-09 09:35:00,57192.1,57209.25,57115.3,57203.7,0,0.0
2026-07-09 09:40:00,57206.35,57241.9,57149.1,57212.3,0,0.0
2026-07-09 09:45:00,57216.35,57299.0,57194.3,57246.5,0,0.0
2026-07-09 09:50:00,57246.25,57300.75,57240.3,57260.05,0,0.0
2026-07-09 09:55:00,57264.4,57289.9,57223.35,57251.25,0,0.0
2026-07-09 10:00:00,57254.0,57379.5,57242.05,57305.05,0,0.0
2026-07-09 10:05:00,57304.4,57339.5,57281.85,57327.0,0,0.0
2026-07-09 10:10:00,57328.4,57337.1,57290.1,57309.0,0,0.0
2026-07-09 10:15:00,57309.75,57321.9,57225.45,57225.45,0,0.0
2026-07-09 10:20:00,57231.05,57288.6,57213.3,57263.85,0,0.0
2026-07-09 10:25:00,57263.7,57270.15,57195.6,57212.55,0,0.0
2026-07-09 10:30:00,57213.95,57221.95,57183.2,57200.75,0,0.0
2026-07-09 10:35:00,57199.45,57203.9,57091.9,57169.5,0,0.0
2026-07-09 10:40:00,57171.6,57464.2,57157.9,57308.95,0,0.0
2026-07-09 10:45:00,57309.65,57309.9,57085.6,57090.0,0,0.0
2026-07-09 10:50:00,57087.9,57180.1,57049.7,57178.5,0,0.0
2026-07-09 10:55:00,57178.2,57210.4,57154.9,57155.85,0,0.0
2026-07-09 11:00:00,57155.85,57183.45,57075.85,57179.6,0,0.0
2026-07-09 11:05:00,57178.8,57202.05,57138.05,57183.4,0,0.0
2026-07-09 11:10:00,57186.8,57219.6,57158.65,57202.15,0,0.0
2026-07-09 11:15:00,57199.4,57229.7,57157.55,57222.05,0,0.0
2026-07-09 11:20:00,57222.85,57266.8,57176.25,57250.3,0,0.0
2026-07-09 11:25:00,57247.55,57434.6,57237.1,57403.5,0,0.0
2026-07-09 11:30:00,57403.1,57403.1,57305.4,57362.85,0,0.0
2026-07-09 11:35:00,57363.25,57366.5,57306.15,57332.25,0,0.0
2026-07-09 11:40:00,57331.5,57337.5,57273.65,57301.65,0,0.0
2026-07-09 11:45:00,57309.35,57309.35,57239.85,57275.25,0,0.0
2026-07-09 11:50:00,57279.65,57291.65,57243.3,57253.8,0,0.0
2026-07-09 11:55:00,57253.65,57271.5,57228.9,57242.05,0,0.0
2026-07-09 12:00:00,57246.3,57331.8,57220.3,57325.55,0,0.0
2026-07-09 12:05:00,57324.55,57329.6,57265.0,57278.0,0,0.0
2026-07-09 12:10:00,57279.6,57292.65,57245.4,57275.25,0,0.0
2026-07-09 12:15:00,57278.25,57294.55,57245.45,57245.45,0,0.0
2026-07-09 12:20:00,57249.75,57282.1,57222.4,57270.0,0,0.0
2026-07-09 12:25:00,57272.3,57318.65,57267.55,57291.95,0,0.0
2026-07-09 12:30:00,57293.5,57307.75,57247.6,57248.9,0,0.0
2026-07-09 12:35:00,57254.85,57270.65,57248.6,57257.85,0,0.0
2026-07-09 12:40:00,57259.55,57260.15,57196.2,57219.6,0,0.0
2026-07-09 12:45:00,57220.3,57236.05,57187.5,57213.75,0,0.0
2026-07-09 12:50:00,57215.0,57286.65,57194.75,57281.55,0,0.0
2026-07-09 12:55:00,57280.85,57311.9,57275.65,57286.8,0,0.0
2026-07-09 13:00:00,57289.1,57356.4,57261.1,57340.8,0,0.0
2026-07-09 13:05:00,57342.5,57355.5,57295.5,57344.9,0,0.0
2026-07-09 13:10:00,57344.6,57363.65,57318.7,57338.25,0,0.0
2026-07-09 13:15:00,57339.0,57340.5,57303.65,57310.85,0,0.0
2026-07-09 13:20:00,57312.2,57323.35,57268.95,57273.45,0,0.0
2026-07-09 13:25:00,57273.7,57286.65,57240.1,57283.15,0,0.0
2026-07-09 13:30:00,57281.7,57348.65,57279.0,57336.5,0,0.0
2026-07-09 13:35:00,57335.4,57421.65,57331.65,57391.7,0,0.0
2026-07-09 13:40:00,57389.0,57402.15,57344.05,57377.0,0,0.0
2026-07-09 13:45:00,57377.0,57406.55,57351.7,57378.45,0,0.0
2026-07-09 13:50:00,57377.75,57381.7,57346.6,57371.15,0,0.0
2026-07-09 13:55:00,57371.7,57373.4,57339.95,57353.75,0,0.0
2026-07-09 14:00:00,57354.25,57371.6,57319.8,57330.7,0,0.0
2026-07-09 14:05:00,57331.1,57351.0,57309.7,57319.9,0,0.0
2026-07-09 14:10:00,57320.5,57334.75,57268.35,57330.55,0,0.0
2026-07-09 14:15:00,57331.55,57362.85,57293.15,57315.8,0,0.0
2026-07-09 14:20:00,57316.5,57347.1,57272.6,57344.2,0,0.0
2026-07-09 14:25:00,57344.8,57381.45,57305.55,57368.65,0,0.0
2026-07-09 14:30:00,57365.75,57418.05,57355.55,57383.45,0,0.0
2026-07-09 14:35:00,57383.4,57391.4,57314.8,57336.3,0,0.0
2026-07-09 14:40:00,57335.9,57347.95,57219.2,57310.95,0,0.0
2026-07-09 14:45:00,57310.1,57341.85,57265.95,57306.75,0,0.0
2026-07-09 14:50:00,57307.25,57377.2,57301.9,57369.95,0,0.0
2026-07-09 14:55:00,57368.35,57407.25,57347.3,57391.65,0,0.0
2026-07-09 15:00:00,57388.05,57389.75,57220.15,57221.25,0,0.0
2026-07-09 15:05:00,57219.0,57243.7,57125.6,57232.25,0,0.0
2026-07-09 15:10:00,57222.65,57251.4,57199.15,57223.25,0,0.0
2026-07-09 15:15:00,57224.15,57280.35,57222.45,57275.8,0,0.0
2026-07-09 15:20:00,57274.3,57329.25,57267.45,57309.05,0,0.0
2026-07-09 15:25:00,57308.9,57330.75,57296.55,57322.7,0,0.0
2026-07-10 09:15:00,57592.5,57820.2,57576.7,57735.35,0,0.0
2026-07-10 09:20:00,57735.95,57882.4,57730.1,57847.05,0,0.0
2026-07-10 09:25:00,57849.15,57878.8,57796.05,57847.65,0,0.0
2026-07-10 09:30:00,57848.9,57908.65,57831.25,57898.95,0,0.0
2026-07-10 09:35:00,57905.15,57928.55,57863.0,57896.95,0,0.0
2026-07-10 09:40:00,57900.05,57928.15,57882.35,57891.15,0,0.0
2026-07-10 09:45:00,57889.7,57954.2,57889.4,57920.8,0,0.0
2026-07-10 09:50:00,57920.6,57931.0,57857.75,57890.3,0,0.0
2026-07-10 09:55:00,57889.75,57903.75,57872.85,57898.4,0,0.0
2026-07-10 10:00:00,57899.8,57910.85,57841.7,57850.75,0,0.0
2026-07-10 10:05:00,57851.25,57895.5,57846.95,57886.7,0,0.0
2026-07-10 10:10:00,57885.25,57916.85,57879.05,57911.5,0,0.0
2026-07-10 10:15:00,57913.9,57941.55,57894.7,57933.65,0,0.0
2026-07-10 10:20:00,57938.1,57969.45,57928.15,57969.45,0,0.0
2026-07-10 10:25:00,57966.75,57981.55,57934.55,57939.45,0,0.0
2026-07-10 10:30:00,57941.7,57948.2,57873.4,57899.2,0,0.0
2026-07-10 10:35:00,57898.5,57929.6,57892.9,57912.1,0,0.0
2026-07-10 10:40:00,57916.15,57948.2,57907.05,57933.35,0,0.0
2026-07-10 10:45:00,57935.95,57956.6,57930.55,57947.75,0,0.0
2026-07-10 10:50:00,57949.6,57989.35,57945.4,57953.95,0,0.0
2026-07-10 10:55:00,57954.95,57971.15,57933.4,57946.25,0,0.0
2026-07-10 11:00:00,57951.55,57993.15,57944.35,57965.2,0,0.0
2026-07-10 11:05:00,57972.15,57975.95,57929.65,57941.35,0,0.0
2026-07-10 11:10:00,57940.25,57952.05,57914.05,57944.0,0,0.0
2026-07-10 11:15:00,57949.65,57958.0,57903.0,57913.95,0,0.0
2026-07-10 11:20:00,57914.8,57924.3,57900.6,57915.65,0,0.0
2026-07-10 11:25:00,57915.65,57919.15,57840.4,57845.7,0,0.0
2026-07-10 11:30:00,57847.8,57887.95,57831.1,57864.4,0,0.0
2026-07-10 11:35:00,57866.5,57876.05,57832.85,57875.8,0,0.0
2026-07-10 11:40:00,57873.55,57877.15,57817.6,57845.8,0,0.0
2026-07-10 11:45:00,57848.75,57890.95,57840.6,57880.05,0,0.0
2026-07-10 11:50:00,57880.95,57893.0,57842.3,57849.55,0,0.0
2026-07-10 11:55:00,57853.7,57873.4,57830.65,57860.05,0,0.0
2026-07-10 12:00:00,57858.2,57910.9,57857.2,57887.85,0,0.0
2026-07-10 12:05:00,57890.8,57895.35,57863.95,57873.05,0,0.0
2026-07-10 12:10:00,57873.05,57874.8,57830.9,57855.9,0,0.0
2026-07-10 12:15:00,57857.05,57865.45,57841.95,57857.4,0,0.0
2026-07-10 12:20:00,57858.45,57876.65,57852.7,57873.5,0,0.0
2026-07-10 12:25:00,57874.5,57926.55,57870.35,57893.75,0,0.0
2026-07-10 12:30:00,57894.25,57917.0,57880.55,57905.6,0,0.0
2026-07-10 12:35:00,57906.2,57922.6,57858.8,57921.75,0,0.0
2026-07-10 12:40:00,57923.6,58049.3,57920.6,58013.3,0,0.0
2026-07-10 12:45:00,58017.65,58039.85,57986.65,58015.95,0,0.0
2026-07-10 12:50:00,58013.35,58042.45,58000.45,58010.3,0,0.0
2026-07-10 12:55:00,58012.7,58071.05,58009.75,58048.4,0,0.0
2026-07-10 13:00:00,58049.15,58131.4,58038.85,58115.3,0,0.0
2026-07-10 13:05:00,58115.25,58251.95,58095.25,58146.15,0,0.0
2026-07-10 13:10:00,58145.55,58154.15,58065.25,58078.9,0,0.0
2026-07-10 13:15:00,58079.9,58089.9,58026.8,58045.9,0,0.0
2026-07-10 13:20:00,58047.9,58049.15,57964.15,57993.2,0,0.0
2026-07-10 13:25:00,57996.35,58036.3,57986.65,58033.9,0,0.0
2026-07-10 13:30:00,58037.25,58057.3,58000.9,58053.45,0,0.0
2026-07-10 13:35:00,58056.15,58100.25,58030.25,58092.45,0,0.0
2026-07-10 13:40:00,58093.0,58141.1,58087.8,58126.05,0,0.0
2026-07-10 13:45:00,58131.0,58154.8,58096.15,58106.2,0,0.0
2026-07-10 13:50:00,58106.65,58117.0,58070.2,58114.15,0,0.0
2026-07-10 13:55:00,58116.85,58138.75,58099.7,58108.4,0,0.0
2026-07-10 14:00:00,58109.95,58136.45,58052.95,58110.0,0,0.0
2026-07-10 14:05:00,58109.1,58111.05,58062.25,58064.3,0,0.0
2026-07-10 14:10:00,58067.6,58108.9,58051.15,58096.4,0,0.0
2026-07-10 14:15:00,58095.2,58107.85,58049.65,58063.25,0,0.0
2026-07-10 14:20:00,58064.7,58118.25,58050.05,58109.35,0,0.0
2026-07-10 14:25:00,58109.4,58147.35,58106.4,58129.45,0,0.0
2026-07-10 14:30:00,58131.7,58141.15,58066.7,58098.25,0,0.0
2026-07-10 14:35:00,58100.7,58109.4,58069.25,58095.15,0,0.0
2026-07-10 14:40:00,58095.95,58104.65,58053.9,58059.95,0,0.0
2026-07-10 14:45:00,58060.9,58128.6,58038.45,58101.3,0,0.0
2026-07-10 14:50:00,58105.4,58106.7,58040.05,58043.65,0,0.0
2026-07-10 14:55:00,58046.4,58089.5,58040.0,58055.25,0,0.0
2026-07-10 15:00:00,58056.35,58114.45,58028.15,58046.8,0,0.0
2026-07-10 15:05:00,58045.65,58073.55,58042.6,58070.4,0,0.0
2026-07-10 15:10:00,58072.9,58090.1,58044.6,58044.6,0,0.0
2026-07-10 15:15:00,58046.2,58050.5,58018.95,58038.35,0,0.0
2026-07-10 15:20:00,58036.85,58055.05,58011.7,58033.15,0,0.0
2026-07-10 15:25:00,58034.9,58072.85,58007.2,58052.15,0,0.0
2026-07-13 09:15:00,57616.7,57651.1,57492.05,57567.15,0,0.0
2026-07-13 09:20:00,57565.7,57599.35,57523.5,57574.9,0,0.0
2026-07-13 09:25:00,57573.2,57642.25,57567.85,57596.3,0,0.0
2026-07-13 09:30:00,57595.1,57634.8,57561.7,57628.0,0,0.0
2026-07-13 09:35:00,57630.9,57764.85,57613.3,57737.05,0,0.0
2026-07-13 09:40:00,57736.55,57775.25,57717.85,57758.15,0,0.0
2026-07-13 09:45:00,57764.5,57908.55,57748.75,57898.95,0,0.0
2026-07-13 09:50:00,57896.8,57917.1,57840.45,57911.15,0,0.0
2026-07-13 09:55:00,57913.7,57930.0,57861.1,57900.8,0,0.0
2026-07-13 10:00:00,57900.8,57922.3,57848.35,57855.35,0,0.0
2026-07-13 10:05:00,57860.6,57901.05,57834.8,57877.65,0,0.0
2026-07-13 10:10:00,57875.55,57932.95,57869.2,57902.3,0,0.0
2026-07-13 10:15:00,57906.1,57915.05,57847.15,57897.55,0,0.0
2026-07-13 10:20:00,57897.7,58006.55,57896.05,57965.8,0,0.0
2026-07-13 10:25:00,57962.75,58045.55,57951.0,58015.35,0,0.0
2026-07-13 10:30:00,58016.2,58070.15,57979.4,58062.65,0,0.0
2026-07-13 10:35:00,58062.95,58065.5,57976.05,57979.75,0,0.0
2026-07-13 10:40:00,57979.75,58043.15,57977.8,58015.0,0,0.0
2026-07-13 10:45:00,58019.85,58026.95,57960.55,57983.95,0,0.0
2026-07-13 10:50:00,57983.8,58020.55,57918.2,57941.2,0,0.0
2026-07-13 10:55:00,57942.1,58038.65,57916.75,57996.7,0,0.0
2026-07-13 11:00:00,57997.5,58004.7,57942.65,57993.5,0,0.0
2026-07-13 11:05:00,57993.5,58013.8,57941.05,57943.35,0,0.0
2026-07-13 11:10:00,57943.5,57981.65,57923.7,57935.2,0,0.0
2026-07-13 11:15:00,57932.85,57945.9,57871.0,57872.45,0,0.0
2026-07-13 11:20:00,57874.4,57954.75,57871.35,57902.75,0,0.0
2026-07-13 11:25:00,57902.2,57925.4,57870.25,57883.15,0,0.0
2026-07-13 11:30:00,57883.55,57891.3,57855.1,57882.5,0,0.0
2026-07-13 11:35:00,57882.9,57891.35,57852.7,57861.25,0,0.0
2026-07-13 11:40:00,57861.25,57873.95,57815.55,57830.8,0,0.0
2026-07-13 11:45:00,57830.85,57890.75,57827.75,57869.7,0,0.0
2026-07-13 11:50:00,57870.55,57886.7,57835.55,57846.3,0,0.0
2026-07-13 11:55:00,57853.9,57853.9,57760.0,57779.75,0,0.0
2026-07-13 12:00:00,57776.75,57830.05,57772.85,57816.0,0,0.0
2026-07-13 12:05:00,57815.15,57826.85,57808.35,57817.8,0,0.0
2026-07-13 12:10:00,57818.05,57941.95,57797.65,57900.2,0,0.0
2026-07-13 12:15:00,57900.2,57970.8,57858.1,57955.35,0,0.0
2026-07-13 12:20:00,57956.3,57956.3,57893.4,57915.65,0,0.0
2026-07-13 12:25:00,57916.85,57977.5,57903.0,57975.95,0,0.0
2026-07-13 12:30:00,57974.2,57990.1,57948.0,57979.75,0,0.0
2026-07-13 12:35:00,57979.15,57989.3,57941.5,57959.15,0,0.0
2026-07-13 12:40:00,57953.8,57995.25,57952.9,57981.0,0,0.0
2026-07-13 12:45:00,57978.4,58002.6,57969.55,57987.3,0,0.0
2026-07-13 12:50:00,57990.35,58103.4,57981.85,58047.6,0,0.0
2026-07-13 12:55:00,58046.75,58047.55,57972.0,57979.15,0,0.0
2026-07-13 13:00:00,57979.1,57981.4,57935.0,57941.95,0,0.0
2026-07-13 13:05:00,57934.8,57998.0,57932.65,57980.0,0,0.0
2026-07-13 13:10:00,57979.45,58006.0,57962.45,58000.9,0,0.0
2026-07-13 13:15:00,57997.9,58009.85,57949.8,58004.3,0,0.0
2026-07-13 13:20:00,58003.75,58014.6,57929.45,57954.95,0,0.0
2026-07-13 13:25:00,57953.9,57963.85,57868.7,57892.35,0,0.0
2026-07-13 13:30:00,57893.0,57964.45,57889.2,57943.0,0,0.0
2026-07-13 13:35:00,57939.8,57981.65,57928.25,57979.2,0,0.0
2026-07-13 13:40:00,57980.45,57981.9,57948.95,57955.05,0,0.0
2026-07-13 13:45:00,57954.4,58006.95,57950.9,58005.1,0,0.0
2026-07-13 13:50:00,58003.4,58016.85,57981.65,57993.65,0,0.0
2026-07-13 13:55:00,57992.8,58019.75,57975.0,58010.35,0,0.0
2026-07-13 14:00:00,58011.5,58056.35,57993.95,58020.5,0,0.0
2026-07-13 14:05:00,58020.5,58061.45,58008.85,58027.4,0,0.0
2026-07-13 14:10:00,58025.3,58101.75,58021.2,58093.25,0,0.0
2026-07-13 14:15:00,58094.35,58175.25,58089.5,58173.3,0,0.0
2026-07-13 14:20:00,58173.0,58211.4,58155.8,58184.85,0,0.0
2026-07-13 14:25:00,58184.65,58187.05,58138.2,58180.35,0,0.0
2026-07-13 14:30:00,58179.4,58181.9,58134.6,58165.55,0,0.0
2026-07-13 14:35:00,58163.4,58170.05,58098.2,58114.35,0,0.0
2026-07-13 14:40:00,58116.45,58172.6,58105.85,58162.9,0,0.0
2026-07-13 14:45:00,58161.55,58191.9,58153.0,58174.85,0,0.0
2026-07-13 14:50:00,58175.75,58219.9,58171.75,58215.25,0,0.0
2026-07-13 14:55:00,58215.55,58218.6,58145.0,58165.6,0,0.0
2026-07-13 15:00:00,58163.6,58203.25,58144.65,58202.35,0,0.0
2026-07-13 15:05:00,58199.95,58204.85,58147.7,58151.65,0,0.0
2026-07-13 15:10:00,58152.2,58152.3,58089.7,58116.2,0,0.0
2026-07-13 15:15:00,58115.15,58117.9,58078.35,58083.45,0,0.0
2026-07-13 15:20:00,58086.55,58126.95,58076.05,58119.0,0,0.0
2026-07-13 15:25:00,58119.6,58139.1,58105.2,58117.6,0,0.0
2026-07-14 09:15:00,57832.55,57839.15,57670.4,57682.9,0,0.0
2026-07-14 09:20:00,57676.55,57805.95,57644.7,57792.0,0,0.0
2026-07-14 09:25:00,57787.35,57840.05,57724.05,57727.9,0,0.0
2026-07-14 09:30:00,57718.15,57743.55,57684.6,57692.1,0,0.0
2026-07-14 09:35:00,57695.1,57695.4,57512.45,57575.65,0,0.0
2026-07-14 09:40:00,57578.15,57578.15,57489.65,57563.75,0,0.0
2026-07-14 09:45:00,57565.55,57565.55,57462.6,57506.95,0,0.0
2026-07-14 09:50:00,57507.55,57516.0,57472.4,57480.15,0,0.0
2026-07-14 09:55:00,57481.9,57525.35,57481.4,57516.95,0,0.0
2026-07-14 10:00:00,57513.0,57518.45,57463.2,57508.15,0,0.0
2026-07-14 10:05:00,57509.05,57544.2,57498.5,57532.75,0,0.0
2026-07-14 10:10:00,57538.2,57541.7,57495.15,57503.5,0,0.0
2026-07-14 10:15:00,57502.25,57505.9,57377.75,57392.65,0,0.0
2026-07-14 10:20:00,57390.55,57442.25,57389.8,57402.6,0,0.0
2026-07-14 10:25:00,57403.9,57433.5,57398.25,57423.2,0,0.0
2026-07-14 10:30:00,57424.35,57491.9,57416.35,57481.65,0,0.0
2026-07-14 10:35:00,57486.85,57498.25,57416.3,57455.0,0,0.0
2026-07-14 10:40:00,57455.0,57495.45,57421.45,57492.3,0,0.0
2026-07-14 10:45:00,57492.85,57574.0,57473.3,57571.75,0,0.0
2026-07-14 10:50:00,57571.1,57604.35,57539.65,57556.15,0,0.0
2026-07-14 10:55:00,57560.2,57614.3,57544.5,57570.3,0,0.0
2026-07-14 11:00:00,57570.95,57625.2,57570.95,57601.5,0,0.0
2026-07-14 11:05:00,57602.05,57625.25,57583.25,57615.9,0,0.0
2026-07-14 11:10:00,57618.25,57667.15,57588.55,57646.75,0,0.0
2026-07-14 11:15:00,57647.2,57658.9,57591.6,57626.75,0,0.0
2026-07-14 11:20:00,57631.45,57649.35,57584.4,57637.5,0,0.0
2026-07-14 11:25:00,57639.25,57643.7,57608.55,57636.55,0,0.0
2026-07-14 11:30:00,57636.25,57656.3,57622.15,57632.4,0,0.0
2026-07-14 11:35:00,57632.85,57642.8,57571.9,57592.25,0,0.0
2026-07-14 11:40:00,57592.4,57596.1,57508.5,57531.65,0,0.0
2026-07-14 11:45:00,57534.65,57572.5,57510.6,57566.4,0,0.0
2026-07-14 11:50:00,57570.5,57600.05,57544.35,57547.2,0,0.0
2026-07-14 11:55:00,57547.35,57550.1,57510.85,57517.6,0,0.0
2026-07-14 12:00:00,57518.4,57537.9,57506.3,57520.45,0,0.0
2026-07-14 12:05:00,57521.75,57524.6,57471.7,57489.35,0,0.0
2026-07-14 12:10:00,57488.55,57512.85,57466.35,57495.65,0,0.0
2026-07-14 12:15:00,57496.85,57496.85,57440.1,57475.0,0,0.0
2026-07-14 12:20:00,57472.9,57478.95,57440.25,57451.8,0,0.0
2026-07-14 12:25:00,57454.05,57457.45,57388.3,57401.25,0,0.0
2026-07-14 12:30:00,57402.1,57428.6,57400.9,57412.4,0,0.0
2026-07-14 12:35:00,57423.25,57449.95,57404.25,57424.85,0,0.0
2026-07-14 12:40:00,57426.05,57445.35,57408.05,57443.35,0,0.0
2026-07-14 12:45:00,57442.65,57476.25,57406.0,57463.0,0,0.0
2026-07-14 12:50:00,57463.7,57490.05,57448.9,57484.9,0,0.0
2026-07-14 12:55:00,57481.3,57503.6,57446.4,57452.15,0,0.0
2026-07-14 13:00:00,57455.95,57466.15,57410.2,57457.9,0,0.0
2026-07-14 13:05:00,57458.65,57474.35,57443.0,57457.5,0,0.0
2026-07-14 13:10:00,57456.65,57476.1,57444.55,57469.3,0,0.0
2026-07-14 13:15:00,57468.5,57472.85,57410.25,57446.45,0,0.0
2026-07-14 13:20:00,57450.25,57482.4,57446.7,57473.55,0,0.0
2026-07-14 13:25:00,57474.2,57488.4,57410.2,57484.45,0,0.0
2026-07-14 13:30:00,57483.65,57485.25,57390.75,57410.8,0,0.0
2026-07-14 13:35:00,57410.8,57417.95,57313.65,57339.7,0,0.0
2026-07-14 13:40:00,57340.3,57351.15,57286.9,57329.55,0,0.0
2026-07-14 13:45:00,57331.05,57400.25,57327.75,57397.1,0,0.0
2026-07-14 13:50:00,57398.95,57413.75,57361.6,57405.3,0,0.0
2026-07-14 13:55:00,57401.0,57443.3,57401.0,57427.15,0,0.0
2026-07-14 14:00:00,57429.9,57446.5,57420.2,57438.7,0,0.0
2026-07-14 14:05:00,57440.5,57445.3,57402.3,57407.25,0,0.0
2026-07-14 14:10:00,57407.95,57470.4,57402.2,57457.35,0,0.0
2026-07-14 14:15:00,57454.6,57476.5,57422.15,57428.7,0,0.0
2026-07-14 14:20:00,57424.2,57445.3,57387.35,57420.55,0,0.0
2026-07-14 14:25:00,57416.5,57431.65,57388.4,57394.9,0,0.0
2026-07-14 14:30:00,57398.2,57431.2,57382.25,57430.35,0,0.0
2026-07-14 14:35:00,57431.3,57455.85,57394.3,57422.7,0,0.0
2026-07-14 14:40:00,57424.85,57448.95,57409.75,57441.8,0,0.0
2026-07-14 14:45:00,57443.6,57446.9,57338.25,57345.0,0,0.0
2026-07-14 14:50:00,57344.15,57381.3,57331.3,57363.65,0,0.0
2026-07-14 14:55:00,57370.15,57440.75,57346.75,57416.85,0,0.0
2026-07-14 15:00:00,57420.45,57508.4,57419.0,57501.0,0,0.0
2026-07-14 15:05:00,57502.3,57532.8,57482.65,57506.55,0,0.0
2026-07-14 15:10:00,57512.0,57544.95,57461.4,57471.15,0,0.0
2026-07-14 15:15:00,57474.4,57483.05,57420.0,57426.95,0,0.0
2026-07-14 15:20:00,57432.3,57432.3,57387.8,57420.1,0,0.0
2026-07-14 15:25:00,57415.95,57448.5,57404.3,57448.5,0,0.0
2026-07-15 09:15:00,57643.75,57900.0,57616.95,57897.85,0,0.0
2026-07-15 09:20:00,57896.95,58010.75,57896.95,57965.85,0,0.0
2026-07-15 09:25:00,57965.85,58060.35,57959.15,58015.15,0,0.0
2026-07-15 09:30:00,58016.45,58121.4,58010.85,58059.55,0,0.0
2026-07-15 09:35:00,58060.9,58100.85,58046.2,58064.2,0,0.0
2026-07-15 09:40:00,58071.65,58105.5,58033.8,58059.95,0,0.0
2026-07-15 09:45:00,58060.3,58123.2,58060.3,58090.85,0,0.0
2026-07-15 09:50:00,58091.95,58128.1,58088.25,58112.15,0,0.0
2026-07-15 09:55:00,58110.45,58148.8,58055.5,58058.5,0,0.0
2026-07-15 10:00:00,58058.85,58087.45,58023.35,58070.75,0,0.0
2026-07-15 10:05:00,58068.85,58127.8,58061.35,58104.05,0,0.0
2026-07-15 10:10:00,58104.05,58111.15,58071.6,58083.35,0,0.0
2026-07-15 10:15:00,58082.85,58104.6,58060.4,58073.55,0,0.0
2026-07-15 10:20:00,58069.85,58090.9,58033.5,58074.7,0,0.0
2026-07-15 10:25:00,58075.1,58110.0,58065.75,58097.05,0,0.0
2026-07-15 10:30:00,58096.85,58110.05,58066.05,58081.5,0,0.0
2026-07-15 10:35:00,58083.3,58084.75,58040.05,58058.7,0,0.0
2026-07-15 10:40:00,58058.7,58107.8,58056.9,58089.6,0,0.0
2026-07-15 10:45:00,58089.6,58104.1,58066.35,58073.9,0,0.0
2026-07-15 10:50:00,58077.6,58085.2,58042.0,58061.25,0,0.0
2026-07-15 10:55:00,58061.3,58086.55,58037.6,58039.9,0,0.0
2026-07-15 11:00:00,58042.1,58066.2,58022.9,58057.7,0,0.0
2026-07-15 11:05:00,58058.0,58072.6,58032.2,58065.3,0,0.0
2026-07-15 11:10:00,58066.4,58102.5,58027.3,58035.3,0,0.0
2026-07-15 11:15:00,58034.25,58092.0,58032.75,58070.6,0,0.0
2026-07-15 11:20:00,58072.2,58086.95,58048.8,58065.05,0,0.0
2026-07-15 11:25:00,58067.7,58087.55,58046.25,58075.15,0,0.0
2026-07-15 11:30:00,58076.05,58098.35,58063.5,58091.5,0,0.0
2026-07-15 11:35:00,58091.4,58103.6,57985.55,57995.55,0,0.0
2026-07-15 11:40:00,57998.4,58005.9,57835.85,57841.0,0,0.0
2026-07-15 11:45:00,57841.0,57902.25,57838.7,57891.7,0,0.0
2026-07-15 11:50:00,57892.25,57948.0,57852.3,57940.4,0,0.0
2026-07-15 11:55:00,57937.65,57981.9,57932.6,57980.8,0,0.0
2026-07-15 12:00:00,57983.0,58000.65,57945.7,57975.25,0,0.0
2026-07-15 12:05:00,57972.6,57985.6,57958.75,57971.55,0,0.0
2026-07-15 12:10:00,57972.95,58091.95,57951.3,58079.85,0,0.0
2026-07-15 12:15:00,58084.7,58118.6,58033.85,58039.25,0,0.0
2026-07-15 12:20:00,58041.6,58067.45,57939.3,57986.9,0,0.0
2026-07-15 12:25:00,57986.6,58075.75,57985.65,57993.35,0,0.0
2026-07-15 12:30:00,57994.45,58048.25,57944.25,58041.4,0,0.0
2026-07-15 12:35:00,58039.25,58043.1,57962.9,57981.9,0,0.0
2026-07-15 12:40:00,57983.5,58016.05,57967.55,57987.8,0,0.0
2026-07-15 12:45:00,57989.55,57993.45,57941.8,57948.15,0,0.0
2026-07-15 12:50:00,57947.95,57972.95,57885.2,57894.75,0,0.0
2026-07-15 12:55:00,57894.85,57898.85,57604.9,57720.9,0,0.0
2026-07-15 13:00:00,57719.4,57814.5,57666.85,57799.9,0,0.0
2026-07-15 13:05:00,57800.8,57809.05,57572.75,57572.75,0,0.0
2026-07-15 13:10:00,57574.45,57633.05,57545.2,57616.05,0,0.0
2026-07-15 13:15:00,57615.6,57794.45,57597.0,57770.95,0,0.0
2026-07-15 13:20:00,57769.35,57790.9,57698.7,57708.55,0,0.0
2026-07-15 13:25:00,57710.65,57726.35,57678.45,57692.85,0,0.0
2026-07-15 13:30:00,57694.85,57701.2,57636.15,57661.95,0,0.0
2026-07-15 13:35:00,57659.7,57696.75,57654.25,57666.2,0,0.0
2026-07-15 13:40:00,57666.2,57676.65,57621.65,57674.05,0,0.0
2026-07-15 13:45:00,57676.6,57720.3,57643.7,57696.85,0,0.0
2026-07-15 13:50:00,57701.5,57715.2,57598.5,57624.9,0,0.0
2026-07-15 13:55:00,57626.35,57707.25,57613.5,57694.75,0,0.0
2026-07-15 14:00:00,57697.25,57711.0,57673.75,57693.05,0,0.0
2026-07-15 14:05:00,57693.6,57758.1,57662.05,57729.7,0,0.0
2026-07-15 14:10:00,57727.55,57734.15,57694.25,57721.1,0,0.0
2026-07-15 14:15:00,57723.75,57754.7,57650.8,57685.2,0,0.0
2026-07-15 14:20:00,57686.75,57698.25,57639.2,57650.9,0,0.0
2026-07-15 14:25:00,57650.8,57668.7,57622.45,57653.55,0,0.0
2026-07-15 14:30:00,57656.25,57696.6,57645.1,57665.7,0,0.0
2026-07-15 14:35:00,57666.4,57758.3,57663.35,57750.65,0,0.0
2026-07-15 14:40:00,57750.35,57753.75,57709.3,57735.65,0,0.0
2026-07-15 14:45:00,57731.15,57774.95,57703.55,57707.5,0,0.0
2026-07-15 14:50:00,57708.95,57713.0,57680.1,57700.4,0,0.0
2026-07-15 14:55:00,57701.75,57707.4,57641.45,57646.1,0,0.0
2026-07-15 15:00:00,57645.8,57732.8,57625.1,57711.65,0,0.0
2026-07-15 15:05:00,57708.6,57765.7,57694.25,57750.3,0,0.0
2026-07-15 15:10:00,57750.95,57779.1,57746.65,57774.0,0,0.0
2026-07-15 15:15:00,57772.3,57785.25,57750.1,57784.35,0,0.0
2026-07-15 15:20:00,57782.15,57810.85,57764.75,57785.8,0,0.0
2026-07-15 15:25:00,57786.3,57808.0,57716.05,57719.1,0,0.0
2026-07-16 09:15:00,57831.1,57931.3,57737.0,57754.5,0,0.0
2026-07-16 09:20:00,57753.95,57771.1,57670.85,57687.3,0,0.0
2026-07-16 09:25:00,57692.05,57705.15,57645.1,57672.4,0,0.0
2026-07-16 09:30:00,57676.45,57711.5,57667.0,57688.55,0,0.0
2026-07-16 09:35:00,57685.2,57721.6,57637.0,57650.45,0,0.0
2026-07-16 09:40:00,57651.6,57722.6,57647.25,57721.45,0,0.0
2026-07-16 09:45:00,57726.7,57736.3,57675.35,57683.9,0,0.0
2026-07-16 09:50:00,57686.35,57695.05,57658.85,57680.45,0,0.0
2026-07-16 09:55:00,57681.6,57719.05,57676.55,57681.75,0,0.0
2026-07-16 10:00:00,57682.35,57683.45,57643.4,57646.5,0,0.0
2026-07-16 10:05:00,57646.5,57701.3,57624.05,57687.85,0,0.0
2026-07-16 10:10:00,57694.95,57701.1,57658.5,57658.5,0,0.0
2026-07-16 10:15:00,57664.45,57708.35,57654.4,57680.15,0,0.0
2026-07-16 10:20:00,57681.4,57691.45,57650.35,57659.65,0,0.0
2026-07-16 10:25:00,57661.05,57662.15,57579.3,57622.85,0,0.0
2026-07-16 10:30:00,57624.25,57625.85,57564.2,57579.7,0,0.0
2026-07-16 10:35:00,57583.7,57609.15,57568.85,57587.05,0,0.0
2026-07-16 10:40:00,57590.3,57652.7,57576.75,57652.55,0,0.0
2026-07-16 10:45:00,57654.35,57719.4,57646.55,57692.05,0,0.0
2026-07-16 10:50:00,57692.5,57715.95,57674.85,57706.95,0,0.0
2026-07-16 10:55:00,57705.75,57786.0,57705.75,57785.85,0,0.0
2026-07-16 11:00:00,57798.65,57839.75,57779.1,57782.0,0,0.0
2026-07-16 11:05:00,57787.5,57787.5,57708.2,57734.4,0,0.0
2026-07-16 11:10:00,57741.2,57748.75,57694.5,57701.85,0,0.0
2026-07-16 11:15:00,57703.65,57729.55,57657.7,57675.9,0,0.0
2026-07-16 11:20:00,57675.4,57705.35,57667.95,57686.95,0,0.0
2026-07-16 11:25:00,57686.65,57701.85,57651.7,57662.8,0,0.0
2026-07-16 11:30:00,57671.0,57715.95,57654.35,57691.9,0,0.0
2026-07-16 11:35:00,57696.5,57719.25,57646.05,57694.6,0,0.0
2026-07-16 11:40:00,57695.0,57700.15,57637.15,57646.0,0,0.0
2026-07-16 11:45:00,57648.05,57676.05,57639.15,57639.55,0,0.0
2026-07-16 11:50:00,57643.4,57655.4,57605.5,57634.25,0,0.0
2026-07-16 11:55:00,57636.3,57643.9,57616.15,57627.55,0,0.0
2026-07-16 12:00:00,57627.55,57634.2,57575.75,57589.45,0,0.0
2026-07-16 12:05:00,57589.45,57632.65,57587.8,57605.3,0,0.0
2026-07-16 12:10:00,57607.25,57629.2,57599.15,57612.55,0,0.0
2026-07-16 12:15:00,57618.8,57628.7,57587.95,57613.0,0,0.0
2026-07-16 12:20:00,57615.35,57633.0,57594.0,57619.85,0,0.0
2026-07-16 12:25:00,57620.55,57704.45,57620.55,57696.45,0,0.0
2026-07-16 12:30:00,57696.3,57697.95,57633.4,57654.4,0,0.0
2026-07-16 12:35:00,57655.95,57665.7,57620.9,57632.4,0,0.0
2026-07-16 12:40:00,57636.9,57637.5,57565.5,57592.5,0,0.0
2026-07-16 12:45:00,57593.6,57613.55,57586.9,57599.75,0,0.0
2026-07-16 12:50:00,57599.35,57614.45,57569.4,57584.3,0,0.0
2026-07-16 12:55:00,57585.3,57598.8,57575.15,57591.7,0,0.0
2026-07-16 13:00:00,57592.85,57602.2,57563.35,57601.5,0,0.0
2026-07-16 13:05:00,57604.5,57610.9,57579.6,57592.15,0,0.0
2026-07-16 13:10:00,57591.95,57599.4,57571.9,57574.4,0,0.0
2026-07-16 13:15:00,57573.55,57580.1,57544.55,57556.45,0,0.0
2026-07-16 13:20:00,57560.95,57584.85,57542.75,57552.15,0,0.0
2026-07-16 13:25:00,57551.9,57551.9,57511.0,57544.7,0,0.0
2026-07-16 13:30:00,57545.35,57546.6,57495.5,57507.55,0,0.0
2026-07-16 13:35:00,57509.5,57514.7,57434.7,57458.15,0,0.0
2026-07-16 13:40:00,57458.15,57466.25,57420.15,57422.65,0,0.0
2026-07-16 13:45:00,57428.0,57481.75,57421.2,57455.1,0,0.0
2026-07-16 13:50:00,57461.65,57507.95,57458.15,57486.7,0,0.0
2026-07-16 13:55:00,57486.0,57551.65,57484.55,57546.15,0,0.0
2026-07-16 14:00:00,57543.8,57577.45,57528.65,57558.9,0,0.0
2026-07-16 14:05:00,57558.9,57572.75,57516.85,57529.4,0,0.0
2026-07-16 14:10:00,57532.9,57545.9,57513.15,57525.35,0,0.0
2026-07-16 14:15:00,57528.4,57569.5,57514.9,57549.7,0,0.0
2026-07-16 14:20:00,57547.4,57554.05,57488.1,57497.65,0,0.0
2026-07-16 14:25:00,57498.2,57514.75,57473.9,57495.35,0,0.0
2026-07-16 14:30:00,57504.8,57550.0,57495.2,57527.2,0,0.0
2026-07-16 14:35:00,57529.6,57540.85,57512.0,57540.4,0,0.0
2026-07-16 14:40:00,57538.65,57559.95,57499.35,57543.4,0,0.0
2026-07-16 14:45:00,57546.55,57553.35,57520.75,57530.85,0,0.0
2026-07-16 14:50:00,57535.7,57555.75,57525.1,57546.55,0,0.0
2026-07-16 14:55:00,57552.8,57633.85,57547.95,57605.9,0,0.0
2026-07-16 15:00:00,57610.75,57661.35,57553.1,57562.65,0,0.0
2026-07-16 15:05:00,57561.0,57622.75,57561.0,57599.45,0,0.0
2026-07-16 15:10:00,57595.85,57613.25,57575.1,57590.15,0,0.0
2026-07-16 15:15:00,57588.75,57606.2,57564.45,57580.45,0,0.0
2026-07-16 15:20:00,57577.7,57585.1,57553.15,57564.15,0,0.0
2026-07-16 15:25:00,57564.4,57629.6,57547.45,57602.0,0,0.0
2026-07-17 09:15:00,57662.0,57805.85,57542.15,57794.05,0,0.0
2026-07-17 09:20:00,57788.9,57819.8,57749.2,57797.5,0,0.0
2026-07-17 09:25:00,57797.5,57833.35,57778.4,57825.0,0,0.0
2026-07-17 09:30:00,57829.85,57921.2,57820.3,57895.9,0,0.0
2026-07-17 09:35:00,57897.6,57919.4,57864.4,57906.7,0,0.0
2026-07-17 09:40:00,57908.4,57931.6,57888.35,57912.0,0,0.0
2026-07-17 09:45:00,57911.8,57965.3,57911.8,57929.5,0,0.0
2026-07-17 09:50:00,57930.85,57936.55,57895.15,57926.0,0,0.0
2026-07-17 09:55:00,57927.85,57946.25,57842.15,57934.7,0,0.0
2026-07-17 10:00:00,57938.0,57953.55,57890.95,57910.55,0,0.0
2026-07-17 10:05:00,57911.25,57949.95,57882.55,57940.1,0,0.0
2026-07-17 10:10:00,57940.1,58001.2,57918.35,57966.4,0,0.0
2026-07-17 10:15:00,57967.65,58090.05,57953.6,58083.9,0,0.0
2026-07-17 10:20:00,58082.2,58085.6,58039.05,58051.8,0,0.0
2026-07-17 10:25:00,58051.65,58139.8,58047.85,58127.3,0,0.0
2026-07-17 10:30:00,58127.65,58184.9,58093.4,58176.45,0,0.0
2026-07-17 10:35:00,58181.25,58185.85,58088.35,58098.5,0,0.0
2026-07-17 10:40:00,58099.35,58119.8,58036.45,58075.3,0,0.0
2026-07-17 10:45:00,58072.35,58078.7,58031.0,58054.2,0,0.0
2026-07-17 10:50:00,58055.45,58126.1,58049.15,58120.25,0,0.0
2026-07-17 10:55:00,58115.7,58139.7,58088.3,58103.95,0,0.0
2026-07-17 11:00:00,58104.0,58129.65,58063.0,58086.0,0,0.0
2026-07-17 11:05:00,58086.0,58099.95,58035.1,58047.6,0,0.0
2026-07-17 11:10:00,58046.4,58075.1,58036.3,58062.6,0,0.0
2026-07-17 11:15:00,58061.5,58083.3,58042.1,58065.8,0,0.0
2026-07-17 11:20:00,58069.75,58101.25,58052.55,58077.45,0,0.0
2026-07-17 11:25:00,58081.75,58082.7,58045.95,58059.15,0,0.0
2026-07-17 11:30:00,58062.65,58090.4,58049.95,58080.35,0,0.0
2026-07-17 11:35:00,58080.2,58099.9,58032.35,58063.0,0,0.0
2026-07-17 11:40:00,58063.8,58082.25,58049.25,58071.25,0,0.0
2026-07-17 11:45:00,58073.15,58102.85,58072.45,58096.1,0,0.0
2026-07-17 11:50:00,58096.95,58123.35,58094.5,58112.15,0,0.0
2026-07-17 11:55:00,58112.75,58137.5,58098.9,58107.4,0,0.0
2026-07-17 12:00:00,58107.65,58122.65,58079.7,58098.85,0,0.0
2026-07-17 12:05:00,58101.3,58107.25,58048.2,58083.25,0,0.0
2026-07-17 12:10:00,58085.85,58110.6,58074.3,58103.8,0,0.0
2026-07-17 12:15:00,58104.15,58131.4,58080.3,58099.65,0,0.0
2026-07-17 12:20:00,58102.45,58121.4,58072.7,58109.05,0,0.0
2026-07-17 12:25:00,58108.35,58135.4,58104.85,58118.35,0,0.0
2026-07-17 12:30:00,58118.35,58120.15,58075.75,58099.6,0,0.0
2026-07-17 12:35:00,58103.15,58103.15,58073.8,58081.1,0,0.0
2026-07-17 12:40:00,58082.5,58107.15,58068.15,58083.85,0,0.0
2026-07-17 12:45:00,58084.1,58145.8,58082.2,58142.55,0,0.0
2026-07-17 12:50:00,58143.7,58147.2,58065.3,58072.0,0,0.0
2026-07-17 12:55:00,58071.55,58116.6,58066.95,58113.6,0,0.0
2026-07-17 13:00:00,58113.95,58128.5,58083.45,58088.2,0,0.0
2026-07-17 13:05:00,58090.1,58111.4,58076.15,58089.0,0,0.0
2026-07-17 13:10:00,58089.0,58121.05,58078.7,58109.45,0,0.0
2026-07-17 13:15:00,58104.75,58117.45,58075.85,58083.55,0,0.0
2026-07-17 13:20:00,58086.5,58099.25,58032.4,58035.85,0,0.0
2026-07-17 13:25:00,58035.55,58063.6,58025.55,58057.4,0,0.0
2026-07-17 13:30:00,58055.4,58072.6,57916.1,58010.05,0,0.0
2026-07-17 13:35:00,58011.85,58102.7,58011.85,58049.5,0,0.0
2026-07-17 13:40:00,58043.95,58047.8,57918.95,57995.7,0,0.0
2026-07-17 13:45:00,57994.6,58021.25,57955.65,57985.3,0,0.0
2026-07-17 13:50:00,57984.6,58062.4,57940.65,58046.8,0,0.0
2026-07-17 13:55:00,58045.6,58108.7,58032.3,58105.85,0,0.0
2026-07-17 14:00:00,58097.85,58099.4,58051.1,58089.75,0,0.0
2026-07-17 14:05:00,58090.4,58101.4,58062.35,58090.35,0,0.0
2026-07-17 14:10:00,58090.4,58234.1,58089.15,58221.25,0,0.0
2026-07-17 14:15:00,58226.75,58515.1,58222.6,58340.95,0,0.0
2026-07-17 14:20:00,58339.35,58391.25,58294.1,58356.6,0,0.0
2026-07-17 14:25:00,58358.1,58476.5,58348.4,58394.55,0,0.0
2026-07-17 14:30:00,58393.8,58452.8,58392.5,58407.75,0,0.0
2026-07-17 14:35:00,58411.35,58433.15,58368.25,58427.95,0,0.0
2026-07-17 14:40:00,58430.7,58468.2,58410.25,58452.4,0,0.0
2026-07-17 14:45:00,58449.45,58478.7,58412.2,58461.2,0,0.0
2026-07-17 14:50:00,58460.8,58487.2,58440.45,58462.85,0,0.0
2026-07-17 14:55:00,58461.55,58498.25,58453.35,58489.6,0,0.0
2026-07-17 15:00:00,58487.95,58529.1,58441.5,58445.25,0,0.0
2026-07-17 15:05:00,58444.25,58506.35,58444.25,58480.85,0,0.0
2026-07-17 15:10:00,58480.5,58530.85,58473.5,58481.15,0,0.0
2026-07-17 15:15:00,58477.45,58544.65,58451.85,58538.7,0,0.0
2026-07-17 15:20:00,58532.2,58589.8,58525.45,58586.35,0,0.0
2026-07-17 15:25:00,58583.75,58596.85,58538.9,58576.0,0,0.0
